entry_number,line_number,importer_id,hts10,description,import_date,entry_date,quantity,uom,entered_value,duty_base,duty_301,duty_232,duty_ieepa,mpf,hmf,ad_cvd,excise,country_of_origin,liquidated
APX-0002049,1,47-3319008,8504409522,"Static converters (power supplies), other",2025-05-14,2025-05-15,1000,No.,140000.00,2100.00,35000.00,0,0,484.96,175.00,0,0,CN,Y
APX-0008000,1,47-3319008,7326908635,"Other articles of iron or steel, other",2025-05-15,2025-05-16,800,No.,96000.00,2784.00,24000.00,24000.00,0,332.54,120.00,0,0,CN,Y
APX-0002154,1,47-3319008,8534000046,Printed circuits,2023-12-04,2023-12-04,100,No.,9000.00,0,2250.00,0,0,31.18,11.25,0,0,CN,Y
APX-0002078,1,47-3319008,8537100002,"Boards/panels for electric control, <= 1,000 V",2022-02-16,2022-02-21,50,No.,4500.00,121.50,1125.00,0,0,15.59,5.63,0,0,CN,Y
APX-0002077,1,47-3319008,9030890097,"Instruments for measuring electrical quantities, other",2025-02-01,2025-02-01,1500,No.,90000.00,1440.00,22500.00,0,0,311.76,112.50,0,0,CN,Y
APX-0002017,1,47-3319008,8538900064,"Parts for switching/protecting electrical circuits, other",2025-12-27,2025-12-31,250,No.,120000.00,4200.00,30000.00,30000.00,0,415.68,150.00,0,0,CN,Y
APX-0002065,1,47-3319008,8525890028,"Television cameras, digital cameras, other",2023-06-23,2023-06-23,250,No.,120000.00,2640.00,30000.00,30000.00,0,415.68,150.00,0,0,CN,Y
APX-0002086,1,47-3319008,8525890022,"Television cameras, digital cameras, other",2025-05-27,2025-05-30,600,No.,540000.00,11880.00,135000.00,0,0,1870.56,675.00,0,0,CN,Y
APX-0002140,1,47-3319008,8541490077,"Photosensitive semiconductor devices, other",2025-03-21,2025-03-23,2500,No.,150000.00,0,37500.00,0,0,519.60,187.50,0,0,CN,Y
APX-0002048,1,47-3319008,8483300052,Bearing housings; plain shaft bearings,2025-09-19,2025-09-22,250,No.,8750.00,393.75,2187.50,0,0,30.31,10.94,0,0,CN,N
APX-0002084,1,47-3319008,7616995168,"Articles of aluminum, other",2021-04-04,2021-04-07,1500,No.,135000.00,3375.00,10125.00,0,0,467.64,168.75,0,0,CN,Y
APX-0002092,1,47-3319008,8504404088,Static converters: rectifiers and rectifying apparatus,2024-08-04,2024-08-08,400,No.,24000.00,360.00,6000.00,0,0,83.14,30.00,0,0,CN,Y
APX-0002040,1,47-3319008,8542310031,Electronic integrated circuits: processors and controllers,2021-10-03,2021-10-05,1000,No.,60000.00,0,15000.00,0,0,207.84,75.00,0,0,CN,Y
APX-0002121,1,47-3319008,8537100031,"Boards/panels for electric control, <= 1,000 V",2021-09-06,2021-09-10,2500,No.,1200000.00,32400.00,300000.00,0,0,4156.80,1500.00,0,0,CN,Y
APX-0002098,1,47-3319008,9013809081,"Liquid crystal devices, other optical appliances",2025-10-06,2025-10-08,2500,No.,37500.00,1687.50,2812.50,9375.00,0,129.90,46.88,0,0,CN,N
APX-0002031,1,47-3319008,8471300196,Portable automatic data processing machines (laptops),2023-02-24,2023-02-27,400,No.,8800.00,0,1760.00,0,0,30.48,11.00,0,0,CN,Y
APX-0002214,1,47-3319008,9013809004,"Liquid crystal devices, other optical appliances",2024-10-09,2024-10-12,600,No.,132000.00,5940.00,9900.00,0,0,457.25,165.00,0,0,CN,Y
APX-0002007,1,47-3319008,8533210012,"Fixed resistors, for a power handling capacity <= 20 W",2023-05-31,2023-06-02,1500,No.,90000.00,0,22500.00,0,0,311.76,112.50,0,0,CN,Y
APX-0002195,1,47-3319008,8538903064,Printed circuit assemblies for switchgear,2024-02-15,2024-02-15,1500,No.,330000.00,0,82500.00,0,0,1143.12,412.50,0,0,CN,Y
APX-0002186,1,47-3319008,8481900014,"Parts of taps, cocks, valves and similar appliances",2026-04-15,2026-04-20,1500,No.,12000.00,120.00,3000.00,0,0,41.57,15.00,0,0,CN,Y
APX-0002127,1,47-3319008,8473301163,"Parts and accessories of ADP machines, printed circuit assemblies",2023-09-08,2023-09-08,50,No.,1100.00,0,275.00,0,0,3.81,1.38,0,0,CN,Y
APX-0002201,1,47-3319008,8409910083,Parts for spark-ignition internal combustion engines,2024-03-16,2024-03-20,1500,No.,33000.00,825.00,8250.00,0,0,114.31,41.25,0,0,CN,Y
APX-0002075,1,47-3319008,8482990003,Parts of ball or roller bearings,2024-01-13,2024-01-16,1500,No.,1350000.00,39150.00,337500.00,0,0,4676.40,1687.50,0,0,CN,Y
APX-0002018,1,47-3319008,8538903025,Printed circuit assemblies for switchgear,2025-02-22,2025-02-26,250,No.,22500.00,0,5625.00,0,0,77.94,28.13,0,0,CN,Y
APX-0002142,1,47-3319008,7604290017,"Aluminum bars, rods and profiles, other",2022-08-08,2022-08-10,100,No.,800.00,40.00,60.00,0,80.00,2.77,1.00,0,0,CN,Y
APX-0002045,1,47-3319008,8538900020,"Parts for switching/protecting electrical circuits, other",2024-10-29,2024-10-29,2500,No.,1200000.00,42000.00,300000.00,0,120000.00,4156.80,1500.00,0,0,CN,Y
APX-0002064,1,47-3319008,9403200049,Other metal furniture,2022-03-28,2022-03-28,2500,No.,350000.00,0,87500.00,0,0,1212.40,437.50,0,0,CN,Y
APX-0002003,1,47-3319008,8528590089,"Monitors, other (not incorporating TV reception apparatus)",2022-06-06,2022-06-08,1500,No.,135000.00,6750.00,33750.00,0,0,467.64,168.75,0,0,CN,Y
APX-0002162,1,47-3319008,8536509093,"Switches for a voltage not exceeding 1,000 V, other",2024-06-23,2024-06-26,600,No.,132000.00,3564.00,33000.00,0,13200.00,457.25,165.00,0,0,CN,Y
APX-0002081,1,47-3319008,8538903077,Printed circuit assemblies for switchgear,2026-04-12,2026-04-16,100,No.,2200.00,0,550.00,0,0,7.62,2.75,0,0,CN,Y
APX-0002118,1,47-3319008,9403200062,Other metal furniture,2026-04-30,2026-05-02,100,No.,800.00,0,200.00,0,0,2.77,1.00,0,0,CN,Y
APX-0002079,1,47-3319008,8536509096,"Switches for a voltage not exceeding 1,000 V, other",2021-12-27,2021-12-28,50,No.,1750.00,47.25,437.50,0,0,6.06,2.19,0,0,CN,Y
APX-0002206,1,47-3319008,8528720088,"Reception apparatus for television, color",2021-02-11,2021-02-12,250,No.,55000.00,0,13750.00,0,0,190.52,68.75,0,0,CN,Y
APX-0002183,1,47-3319008,8504407095,Static converters: power supplies for ADP machines,2021-08-05,2021-08-09,1500,No.,33000.00,0,8250.00,0,0,114.31,41.25,0,0,CN,Y
APX-0002013,1,47-3319008,8504404046,Static converters: rectifiers and rectifying apparatus,2023-09-23,2023-09-23,400,No.,8800.00,132.00,2200.00,0,0,30.48,11.00,0,0,CN,Y
APX-0002196,1,47-3319008,8529900073,"Parts for transmission/reception apparatus, other",2024-04-06,2024-04-06,400,No.,36000.00,864.00,9000.00,0,0,124.70,45.00,0,0,CN,Y
APX-0002069,1,47-3319008,8467990056,"Parts of tools for working in the hand, other",2022-03-09,2022-03-13,100,No.,6000.00,0,1500.00,0,0,20.78,7.50,0,0,CN,Y
APX-0002113,1,47-3319008,8537100044,"Boards/panels for electric control, <= 1,000 V",2022-09-02,2022-09-04,1500,No.,135000.00,3645.00,33750.00,0,0,467.64,168.75,0,0,CN,Y
APX-0002168,1,47-3319008,7307990032,"Tube or pipe fittings of iron or steel, other",2024-09-20,2024-09-20,1000,No.,22000.00,946.00,5500.00,0,2200.00,76.21,27.50,0,0,CN,Y
APX-0002123,1,47-3319008,8481900092,"Parts of taps, cocks, valves and similar appliances",2024-02-14,2024-02-15,600,No.,540000.00,5400.00,135000.00,0,0,1870.56,675.00,0,0,CN,Y
APX-0002158,1,47-3319008,8538903000,Printed circuit assemblies for switchgear,2026-05-29,2026-06-03,600,No.,13200.00,0,3300.00,0,0,45.72,16.50,0,0,CN,N
APX-0002057,1,47-3319008,9025118040,"Thermometers, not combined with other instruments",2023-09-18,2023-09-21,100,No.,6000.00,0,1500.00,0,0,20.78,7.50,0,0,CN,Y
APX-0002141,1,47-3319008,8533210081,"Fixed resistors, for a power handling capacity <= 20 W",2022-04-11,2022-04-16,400,No.,360000.00,0,90000.00,0,0,1247.04,450.00,0,0,CN,Y
APX-0002173,1,47-3319008,8544429097,"Insulated electric conductors fitted with connectors, other",2022-02-20,2022-02-24,600,No.,540000.00,14040.00,135000.00,0,0,1870.56,675.00,0,0,CN,Y
APX-0002203,1,47-3319008,8471800011,Other units of automatic data processing machines,2022-11-25,2022-11-26,1500,No.,720000.00,0,180000.00,180000.00,0,2494.08,900.00,0,0,CN,Y
APX-0002209,1,47-3319008,8517690020,Other apparatus for transmission/reception of voice/data,2021-08-24,2021-08-27,400,No.,360000.00,0,90000.00,0,36000.00,1247.04,450.00,0,0,CN,Y
APX-0002059,1,47-3319008,8528720078,"Reception apparatus for television, color",2023-12-11,2023-12-12,600,No.,84000.00,0,21000.00,0,0,290.98,105.00,0,0,CN,Y
APX-0002177,1,47-3319008,8471800027,Other units of automatic data processing machines,2023-06-01,2023-06-06,1500,No.,210000.00,0,52500.00,0,0,727.44,262.50,0,0,CN,Y
APX-0002135,1,47-3319008,7604290030,"Aluminum bars, rods and profiles, other",2021-09-03,2021-09-06,2500,No.,2250000.00,112500.00,168750.00,0,0,7794.00,2812.50,0,0,CN,Y
APX-0002217,1,47-3319008,8534000053,Printed circuits,2021-06-29,2021-07-03,2500,No.,37500.00,0,9375.00,0,0,129.90,46.88,0,0,CN,Y
APX-0002179,1,47-3319008,8471300134,Portable automatic data processing machines (laptops),2023-08-05,2023-08-06,2500,No.,350000.00,0,70000.00,0,0,1212.40,437.50,0,0,CN,Y
APX-0002155,1,47-3319008,8504404035,Static converters: rectifiers and rectifying apparatus,2026-03-11,2026-03-16,400,No.,6000.00,90.00,1500.00,0,0,20.78,7.50,0,0,CN,Y
APX-0002051,1,47-3319008,7616995139,"Articles of aluminum, other",2021-01-01,2021-01-03,400,No.,14000.00,350.00,1050.00,0,0,48.50,17.50,0,0,CN,Y
APX-0002189,1,47-3319008,8544429067,"Insulated electric conductors fitted with connectors, other",2022-11-03,2022-11-04,400,No.,36000.00,936.00,9000.00,0,0,124.70,45.00,0,0,CN,Y
APX-0002110,1,47-3319008,9032890077,"Automatic regulating/controlling instruments, other",2021-05-20,2021-05-24,600,No.,4800.00,81.60,1200.00,0,0,16.63,6.00,0,0,CN,Y
APX-0002164,1,47-3319008,9032890077,"Automatic regulating/controlling instruments, other",2021-07-30,2021-08-03,250,No.,3750.00,63.75,937.50,0,0,12.99,4.69,0,0,CN,Y
APX-0002014,1,47-3319008,8473301180,"Parts and accessories of ADP machines, printed circuit assemblies",2024-03-19,2024-03-22,250,No.,35000.00,0,8750.00,8750.00,0,121.24,43.75,0,0,CN,Y
APX-0002004,1,47-3319008,8517620011,"Machines for reception/conversion of voice, images or data (networking)",2022-11-19,2022-11-19,1500,No.,22500.00,0,5625.00,0,0,77.94,28.13,0,0,CN,Y
APX-0002212,1,47-3319008,7616995103,"Articles of aluminum, other",2023-02-03,2023-02-03,1500,No.,12000.00,300.00,900.00,0,0,41.57,15.00,0,0,CN,Y
APX-0002200,1,47-3319008,8481900032,"Parts of taps, cocks, valves and similar appliances",2021-04-29,2021-05-01,250,No.,22500.00,225.00,5625.00,0,0,77.94,28.13,0,0,CN,Y
APX-0002044,1,47-3319008,8471300181,Portable automatic data processing machines (laptops),2021-02-12,2021-02-17,1500,No.,90000.00,0,18000.00,22500.00,0,311.76,112.50,0,0,CN,Y
APX-0002120,1,47-3319008,8544429082,"Insulated electric conductors fitted with connectors, other",2026-02-06,2026-02-09,250,No.,55000.00,1430.00,13750.00,0,0,190.52,68.75,0,0,CN,N
APX-0002130,1,47-3319008,7604290068,"Aluminum bars, rods and profiles, other",2024-05-20,2024-05-24,1500,No.,135000.00,6750.00,10125.00,0,0,467.64,168.75,0,0,CN,Y
APX-0002104,1,47-3319008,8534000022,Printed circuits,2020-11-19,2020-11-22,100,No.,2200.00,0,550.00,0,0,7.62,2.75,0,0,CN,Y
APX-0002114,1,47-3319008,8517690088,Other apparatus for transmission/reception of voice/data,2024-08-01,2024-08-05,2500,No.,150000.00,0,37500.00,0,0,519.60,187.50,0,0,CN,Y
APX-0002149,1,47-3319008,9032890078,"Automatic regulating/controlling instruments, other",2024-06-07,2024-06-09,400,No.,6000.00,102.00,1500.00,0,0,20.78,7.50,0,0,CN,Y
APX-0002001,1,47-3319008,8482990011,Parts of ball or roller bearings,2021-01-14,2021-01-18,1500,No.,12000.00,348.00,3000.00,3000.00,0,41.57,15.00,0,0,CN,Y
APX-0002102,1,47-3319008,3926909757,"Articles of plastics, other (face masks/components)",2025-09-10,2025-09-10,2500,No.,150000.00,7500.00,11250.00,0,0,519.60,187.50,0,0,CN,N
APX-0002066,1,47-3319008,8536904017,"Terminals, electrical connectors",2026-05-30,2026-06-02,2500,No.,1200000.00,0,300000.00,0,0,4156.80,1500.00,0,0,CN,Y
APX-0002028,1,47-3319008,7604290083,"Aluminum bars, rods and profiles, other",2023-02-16,2023-02-16,100,No.,800.00,40.00,60.00,0,0,2.77,1.00,0,0,CN,Y
APX-0002190,1,47-3319008,8534000013,Printed circuits,2021-12-23,2021-12-28,250,No.,15000.00,0,3750.00,0,0,51.96,18.75,0,0,CN,Y
APX-0002009,1,47-3319008,8528590059,"Monitors, other (not incorporating TV reception apparatus)",2026-06-02,2026-06-04,1500,No.,90000.00,4500.00,22500.00,0,0,311.76,112.50,0,0,CN,N
APX-0002061,1,47-3319008,8528590084,"Monitors, other (not incorporating TV reception apparatus)",2023-10-05,2023-10-05,100,No.,6000.00,300.00,1500.00,0,0,20.78,7.50,0,0,CN,Y
APX-0002027,1,47-3319008,8517620084,"Machines for reception/conversion of voice, images or data (networking)",2023-03-31,2023-03-31,1500,No.,135000.00,0,33750.00,0,0,467.64,168.75,0,0,CN,Y
APX-0002107,1,47-3319008,8482990028,Parts of ball or roller bearings,2025-07-03,2025-07-05,250,No.,15000.00,435.00,3750.00,0,1500.00,51.96,18.75,0,0,CN,Y
APX-0002134,1,47-3319008,8517690072,Other apparatus for transmission/reception of voice/data,2021-11-07,2021-11-11,250,No.,5500.00,0,1375.00,1375.00,0,19.05,6.88,0,0,CN,Y
APX-0002133,1,47-3319008,8536509041,"Switches for a voltage not exceeding 1,000 V, other",2022-11-18,2022-11-22,50,No.,3000.00,81.00,750.00,0,0,10.39,3.75,0,0,CN,Y
APX-0002099,1,47-3319008,8528720006,"Reception apparatus for television, color",2021-07-05,2021-07-05,600,No.,132000.00,0,33000.00,0,0,457.25,165.00,0,0,CN,Y
APX-0002029,1,47-3319008,8534000024,Printed circuits,2023-05-21,2023-05-24,400,No.,192000.00,0,48000.00,0,0,665.09,240.00,0,0,CN,Y
APX-0002039,1,47-3319008,8536904079,"Terminals, electrical connectors",2023-11-20,2023-11-22,100,No.,1500.00,0,375.00,0,0,5.20,1.88,0,0,CN,Y
APX-0002207,1,47-3319008,8529900078,"Parts for transmission/reception apparatus, other",2022-03-08,2022-03-11,600,No.,132000.00,3168.00,33000.00,0,0,457.25,165.00,0,0,CN,Y
APX-0002050,1,47-3319008,8467990020,"Parts of tools for working in the hand, other",2025-10-05,2025-10-08,100,No.,14000.00,0,3500.00,3500.00,0,48.50,17.50,0,0,CN,N
APX-0002111,1,47-3319008,8507600002,Lithium-ion accumulators (batteries),2021-02-04,2021-02-08,600,No.,540000.00,18360.00,135000.00,0,0,1870.56,675.00,0,0,CN,Y
APX-0002021,1,47-3319008,9013809016,"Liquid crystal devices, other optical appliances",2021-10-18,2021-10-21,2500,No.,1200000.00,54000.00,90000.00,0,0,4156.80,1500.00,0,0,CN,Y
APX-0002090,1,47-3319008,9403200035,Other metal furniture,2026-03-09,2026-03-13,50,No.,24000.00,0,6000.00,0,0,83.14,30.00,0,0,CN,N
APX-0002085,1,47-3319008,8504407013,Static converters: power supplies for ADP machines,2024-06-07,2024-06-08,1500,No.,135000.00,0,33750.00,0,0,467.64,168.75,0,0,CN,Y
APX-0002047,1,47-3319008,8409910046,Parts for spark-ignition internal combustion engines,2022-01-18,2022-01-20,50,No.,4500.00,112.50,1125.00,0,0,15.59,5.63,0,0,CN,Y
APX-0002213,1,47-3319008,9405400028,Other electric lamps and lighting fittings,2026-02-02,2026-02-03,50,No.,4500.00,157.50,1125.00,1125.00,0,15.59,5.63,0,0,CN,N
APX-0002159,1,47-3319008,8504409516,"Static converters (power supplies), other",2025-04-19,2025-04-19,50,No.,4500.00,67.50,1125.00,0,0,15.59,5.63,0,0,CN,Y
APX-0002046,1,47-3319008,9403200019,Other metal furniture,2024-02-19,2024-02-19,50,No.,4500.00,0,1125.00,0,0,15.59,5.63,0,0,CN,Y
APX-0002095,1,47-3319008,8528720024,"Reception apparatus for television, color",2022-06-03,2022-06-07,400,No.,88000.00,0,22000.00,0,0,304.83,110.00,0,0,CN,Y
APX-0002011,1,47-3319008,3919900040,"Self-adhesive plates/film of plastics, other",2023-02-02,2023-02-03,400,No.,88000.00,5104.00,6600.00,0,0,304.83,110.00,0,0,CN,Y
APX-0002187,1,47-3319008,9405400011,Other electric lamps and lighting fittings,2022-03-27,2022-03-27,1500,No.,22500.00,787.50,5625.00,0,0,77.94,28.13,0,0,CN,Y
APX-0002143,1,47-3319008,8531800016,"Electric sound or visual signaling apparatus, other",2022-09-14,2022-09-15,100,No.,6000.00,78.00,1500.00,0,0,20.78,7.50,0,0,CN,Y
APX-0002038,1,47-3319008,8504404016,Static converters: rectifiers and rectifying apparatus,2022-08-23,2022-08-23,600,No.,132000.00,1980.00,33000.00,0,0,457.25,165.00,0,0,CN,Y
APX-0002172,1,47-3319008,8473301184,"Parts and accessories of ADP machines, printed circuit assemblies",2025-08-15,2025-08-17,2500,No.,87500.00,0,21875.00,21875.00,0,303.10,109.38,0,0,CN,Y
APX-0002119,1,47-3319008,8483300001,Bearing housings; plain shaft bearings,2022-02-17,2022-02-20,1500,No.,22500.00,1012.50,5625.00,0,0,77.94,28.13,0,0,CN,Y
APX-0002088,1,47-3319008,8534000096,Printed circuits,2024-04-16,2024-04-19,2500,No.,2250000.00,0,562500.00,0,0,7794.00,2812.50,0,0,CN,Y
APX-0002025,1,47-3319008,8536509042,"Switches for a voltage not exceeding 1,000 V, other",2022-03-16,2022-03-20,100,No.,48000.00,1296.00,12000.00,0,0,166.27,60.00,0,0,CN,Y
APX-0002128,1,47-3319008,8529900012,"Parts for transmission/reception apparatus, other",2024-12-02,2024-12-03,2500,No.,20000.00,480.00,5000.00,0,0,69.28,25.00,0,0,CN,Y
APX-0002175,1,47-3319008,9403200097,Other metal furniture,2022-11-02,2022-11-06,600,No.,54000.00,0,13500.00,13500.00,0,187.06,67.50,0,0,CN,Y
APX-0002216,1,47-3319008,8531800077,"Electric sound or visual signaling apparatus, other",2025-03-22,2025-03-22,1500,No.,22500.00,292.50,5625.00,0,0,77.94,28.13,0,0,CN,Y
APX-0002056,1,47-3319008,7604290092,"Aluminum bars, rods and profiles, other",2023-04-16,2023-04-18,400,No.,36000.00,1800.00,2700.00,9000.00,0,124.70,45.00,0,0,CN,Y
APX-0002020,1,47-3319008,8534000007,Printed circuits,2026-03-07,2026-03-11,400,No.,360000.00,0,90000.00,90000.00,0,1247.04,450.00,0,0,CN,Y
APX-0002185,1,47-3319008,8536904009,"Terminals, electrical connectors",2023-04-12,2023-04-15,1000,No.,900000.00,0,225000.00,0,0,3117.60,1125.00,0,0,CN,Y
APX-0002002,1,47-3319008,8504409571,"Static converters (power supplies), other",2023-03-23,2023-03-23,400,No.,192000.00,2880.00,48000.00,0,0,665.09,240.00,0,0,CN,Y
APX-0002058,1,47-3319008,9403200037,Other metal furniture,2023-03-25,2023-03-30,250,No.,8750.00,0,2187.50,0,0,30.31,10.94,0,0,CN,Y
APX-0002204,1,47-3319008,9030890098,"Instruments for measuring electrical quantities, other",2022-02-20,2022-02-22,2500,No.,87500.00,1400.00,21875.00,0,0,303.10,109.38,0,0,CN,Y
APX-0002080,1,47-3319008,9013809060,"Liquid crystal devices, other optical appliances",2026-03-09,2026-03-10,100,No.,90000.00,4050.00,6750.00,0,0,311.76,112.50,0,0,CN,Y
APX-0002012,1,47-3319008,8538900017,"Parts for switching/protecting electrical circuits, other",2023-11-22,2023-11-26,400,No.,192000.00,6720.00,48000.00,0,0,665.09,240.00,0,0,CN,Y
APX-0002005,1,47-3319008,8531800058,"Electric sound or visual signaling apparatus, other",2021-04-24,2021-04-28,100,No.,14000.00,182.00,3500.00,0,0,48.50,17.50,0,0,CN,Y
APX-0002006,1,47-3319008,9405400073,Other electric lamps and lighting fittings,2021-02-15,2021-02-15,400,No.,6000.00,210.00,1500.00,0,0,20.78,7.50,0,0,CN,Y
APX-0002097,1,47-3319008,3919900068,"Self-adhesive plates/film of plastics, other",2021-02-15,2021-02-20,250,No.,15000.00,870.00,1125.00,0,0,51.96,18.75,0,0,CN,Y
APX-0002087,1,47-3319008,8525890093,"Television cameras, digital cameras, other",2025-08-24,2025-08-27,600,No.,54000.00,1188.00,13500.00,0,0,187.06,67.50,0,0,CN,N
APX-0002122,1,47-3319008,9013809008,"Liquid crystal devices, other optical appliances",2022-10-11,2022-10-11,600,No.,84000.00,3780.00,6300.00,0,0,290.98,105.00,0,0,CN,Y
APX-0002153,1,47-3319008,8517620062,"Machines for reception/conversion of voice, images or data (networking)",2021-01-20,2021-01-23,1500,No.,90000.00,0,22500.00,0,0,311.76,112.50,0,0,CN,Y
APX-0002062,1,47-3319008,8534000086,Printed circuits,2025-05-23,2025-05-24,600,No.,21000.00,0,5250.00,0,2100.00,72.74,26.25,0,0,CN,Y
APX-0002129,1,47-3319008,8542310060,Electronic integrated circuits: processors and controllers,2024-05-13,2024-05-15,600,No.,54000.00,0,13500.00,0,0,187.06,67.50,0,0,CN,Y
APX-0002072,1,47-3319008,3926909798,"Articles of plastics, other (face masks/components)",2023-01-02,2023-01-04,50,No.,45000.00,2250.00,3375.00,0,0,155.88,56.25,0,0,CN,Y
APX-0002132,1,47-3319008,8471300155,Portable automatic data processing machines (laptops),2023-05-11,2023-05-11,100,No.,1500.00,0,300.00,0,0,5.20,1.88,0,0,CN,Y
APX-0002073,1,47-3319008,3926909753,"Articles of plastics, other (face masks/components)",2022-02-06,2022-02-09,400,No.,88000.00,4400.00,6600.00,0,0,304.83,110.00,0,0,CN,Y
APX-0002160,1,47-3319008,8528720033,"Reception apparatus for television, color",2025-01-11,2025-01-11,50,No.,1100.00,0,275.00,0,0,3.81,1.38,0,0,CN,Y
APX-0002171,1,47-3319008,8531800006,"Electric sound or visual signaling apparatus, other",2022-08-15,2022-08-16,600,No.,540000.00,7020.00,135000.00,0,0,1870.56,675.00,0,0,CN,Y
APX-0002151,1,47-3319008,8544429012,"Insulated electric conductors fitted with connectors, other",2021-08-18,2021-08-23,400,No.,192000.00,4992.00,48000.00,0,0,665.09,240.00,0,0,CN,Y
APX-0002148,1,47-3319008,9026100047,Instruments for measuring flow/level of liquids,2023-07-07,2023-07-11,100,No.,3500.00,56.00,875.00,875.00,0,12.12,4.38,0,0,CN,Y
APX-0002041,1,47-3319008,9025118083,"Thermometers, not combined with other instruments",2022-07-20,2022-07-21,50,No.,24000.00,0,6000.00,0,0,83.14,30.00,0,0,CN,Y
APX-0002163,1,47-3319008,8504404054,Static converters: rectifiers and rectifying apparatus,2024-11-11,2024-11-11,100,No.,22000.00,330.00,5500.00,0,2200.00,76.21,27.50,0,0,CN,Y
APX-0002126,1,47-3319008,9032890095,"Automatic regulating/controlling instruments, other",2023-01-13,2023-01-18,2500,No.,350000.00,5950.00,87500.00,0,0,1212.40,437.50,0,0,CN,Y
APX-0002054,1,47-3319008,8517620076,"Machines for reception/conversion of voice, images or data (networking)",2024-12-15,2024-12-19,1500,No.,135000.00,0,33750.00,0,0,467.64,168.75,0,0,CN,Y
APX-0002211,1,47-3319008,8467990057,"Parts of tools for working in the hand, other",2021-05-20,2021-05-23,250,No.,35000.00,0,8750.00,0,0,121.24,43.75,0,0,CN,Y
APX-0002208,1,47-3319008,8504408547,Static converters: speed drive controllers for motors,2025-03-08,2025-03-12,2500,No.,550000.00,0,137500.00,0,0,1905.20,687.50,0,0,CN,Y
APX-0002101,1,47-3319008,8534000015,Printed circuits,2024-03-18,2024-03-22,1500,No.,1350000.00,0,337500.00,0,0,4676.40,1687.50,0,0,CN,Y
APX-0002016,1,47-3319008,9030890014,"Instruments for measuring electrical quantities, other",2021-10-03,2021-10-08,600,No.,84000.00,1344.00,21000.00,0,0,290.98,105.00,0,0,CN,Y
APX-0002091,1,47-3319008,8534000088,Printed circuits,2023-05-20,2023-05-21,2500,No.,550000.00,0,137500.00,0,0,1905.20,687.50,0,0,CN,Y
APX-0002117,1,47-3319008,9026100056,Instruments for measuring flow/level of liquids,2022-05-14,2022-05-17,50,No.,1750.00,28.00,437.50,0,0,6.06,2.19,0,0,CN,Y
APX-0002144,1,47-3319008,8482990046,Parts of ball or roller bearings,2022-04-24,2022-04-26,600,No.,13200.00,382.80,3300.00,0,0,45.72,16.50,0,0,CN,Y
APX-0002000,1,47-3319008,9026100014,Instruments for measuring flow/level of liquids,2022-03-30,2022-04-04,50,No.,3000.00,48.00,750.00,0,0,10.39,3.75,0,0,CN,Y
APX-0002083,1,47-3319008,8517620089,"Machines for reception/conversion of voice, images or data (networking)",2025-05-21,2025-05-21,600,No.,540000.00,0,135000.00,0,0,1870.56,675.00,0,0,CN,Y
APX-0002124,1,47-3319008,8529900068,"Parts for transmission/reception apparatus, other",2022-09-25,2022-09-28,2500,No.,225000.00,5400.00,56250.00,0,0,779.40,281.25,0,0,CN,Y
APX-0002116,1,47-3319008,8471500100,"Processing units (servers), other",2021-03-05,2021-03-08,2500,No.,350000.00,0,70000.00,0,0,1212.40,437.50,0,0,CN,Y
APX-0002094,1,47-3319008,8544429092,"Insulated electric conductors fitted with connectors, other",2021-07-16,2021-07-21,400,No.,36000.00,936.00,9000.00,0,0,124.70,45.00,0,0,CN,Y
APX-0002174,1,47-3319008,9025118086,"Thermometers, not combined with other instruments",2026-01-29,2026-01-31,50,No.,45000.00,0,11250.00,0,0,155.88,56.25,0,0,CN,N
APX-0002165,1,47-3319008,3919900041,"Self-adhesive plates/film of plastics, other",2023-11-05,2023-11-08,1500,No.,1350000.00,78300.00,101250.00,0,0,4676.40,1687.50,0,0,CN,Y
APX-0002103,1,47-3319008,9025118094,"Thermometers, not combined with other instruments",2024-05-18,2024-05-19,100,No.,3500.00,0,875.00,0,0,12.12,4.38,0,0,CN,Y
APX-0002023,1,47-3319008,8471800057,Other units of automatic data processing machines,2022-02-17,2022-02-21,100,No.,3500.00,0,875.00,875.00,350.00,12.12,4.38,0,0,CN,Y
APX-0002019,1,47-3319008,8501314076,"Electric DC motors, of an output not exceeding 750 W",2020-12-23,2020-12-25,1000,No.,220000.00,6160.00,55000.00,55000.00,0,762.08,275.00,0,0,CN,Y
APX-0002199,1,47-3319008,7604290076,"Aluminum bars, rods and profiles, other",2021-03-28,2021-03-31,50,No.,4500.00,225.00,337.50,0,0,15.59,5.63,0,0,CN,Y
APX-0002096,1,47-3319008,8538903036,Printed circuit assemblies for switchgear,2022-07-13,2022-07-13,100,No.,3500.00,0,875.00,0,0,12.12,4.38,0,0,CN,Y
APX-0002106,1,47-3319008,7604290029,"Aluminum bars, rods and profiles, other",2024-07-30,2024-07-30,600,No.,540000.00,27000.00,40500.00,0,0,1870.56,675.00,0,0,CN,Y
APX-0002166,1,47-3319008,8517620089,"Machines for reception/conversion of voice, images or data (networking)",2024-11-29,2024-11-30,100,No.,48000.00,0,12000.00,0,0,166.27,60.00,0,0,CN,Y
APX-0002147,1,47-3319008,8482990015,Parts of ball or roller bearings,2024-08-22,2024-08-25,2500,No.,225000.00,6525.00,56250.00,0,0,779.40,281.25,0,0,CN,Y
APX-0002036,1,47-3319008,8504404015,Static converters: rectifiers and rectifying apparatus,2024-03-15,2024-03-20,400,No.,360000.00,5400.00,90000.00,90000.00,0,1247.04,450.00,0,0,CN,Y
APX-0002125,1,47-3319008,9032890024,"Automatic regulating/controlling instruments, other",2023-01-07,2023-01-07,400,No.,360000.00,6120.00,90000.00,0,0,1247.04,450.00,0,0,CN,Y
APX-0002100,1,47-3319008,8505110080,"Permanent magnets, of metal",2021-09-15,2021-09-15,50,No.,1100.00,23.10,275.00,0,0,3.81,1.38,0,0,CN,Y
APX-0002182,1,47-3319008,8532250038,"Fixed capacitors, dielectric of paper or plastics",2025-02-26,2025-02-26,400,No.,8800.00,0,2200.00,0,0,30.48,11.00,0,0,CN,Y
APX-0002170,1,47-3319008,8483300042,Bearing housings; plain shaft bearings,2022-11-08,2022-11-11,100,No.,14000.00,630.00,3500.00,0,0,48.50,17.50,0,0,CN,Y
APX-0002037,1,47-3319008,8507600072,Lithium-ion accumulators (batteries),2022-01-06,2022-01-08,1000,No.,60000.00,2040.00,15000.00,0,0,207.84,75.00,0,0,CN,Y
APX-0002202,1,47-3319008,3926909782,"Articles of plastics, other (face masks/components)",2024-08-17,2024-08-22,1000,No.,22000.00,1100.00,1650.00,0,0,76.21,27.50,0,0,CN,Y
APX-0002033,1,47-3319008,8525890089,"Television cameras, digital cameras, other",2021-12-07,2021-12-11,2500,No.,55000.00,1210.00,13750.00,0,0,190.52,68.75,0,0,CN,Y
APX-0002032,1,47-3319008,8541490021,"Photosensitive semiconductor devices, other",2026-05-24,2026-05-26,1500,No.,12000.00,0,3000.00,0,0,41.57,15.00,0,0,CN,Y
APX-0002070,1,47-3319008,8471300117,Portable automatic data processing machines (laptops),2023-01-07,2023-01-07,250,No.,8750.00,0,1750.00,0,0,30.31,10.94,0,0,CN,Y
APX-0002178,1,47-3319008,9032890099,"Automatic regulating/controlling instruments, other",2021-09-28,2021-10-03,100,No.,800.00,13.60,200.00,0,0,2.77,1.00,0,0,CN,Y
APX-0002105,1,47-3319008,8481900004,"Parts of taps, cocks, valves and similar appliances",2024-10-31,2024-10-31,400,No.,24000.00,240.00,6000.00,0,0,83.14,30.00,0,0,CN,Y
APX-0002034,1,47-3319008,8482990007,Parts of ball or roller bearings,2021-02-24,2021-02-28,1000,No.,8000.00,232.00,2000.00,0,0,27.71,10.00,0,0,CN,Y
APX-0002024,1,47-3319008,8533210075,"Fixed resistors, for a power handling capacity <= 20 W",2021-04-08,2021-04-08,400,No.,3200.00,0,800.00,0,320.00,11.08,4.00,0,0,CN,Y
APX-0002131,1,47-3319008,8536509079,"Switches for a voltage not exceeding 1,000 V, other",2024-05-29,2024-05-30,100,No.,3500.00,94.50,875.00,0,0,12.12,4.38,0,0,CN,Y
APX-0008001,1,47-3319008,7326908635,"Other articles of iron or steel, other",2025-05-15,2025-05-16,800,No.,96000.00,2784.00,24000.00,24000.00,0,332.54,120.00,0,0,CN,Y
APX-0002146,1,47-3319008,8531800086,"Electric sound or visual signaling apparatus, other",2022-12-03,2022-12-05,1500,No.,720000.00,9360.00,180000.00,180000.00,0,2494.08,900.00,0,0,CN,Y
APX-0002169,1,47-3319008,8471300155,Portable automatic data processing machines (laptops),2025-06-03,2025-06-07,100,No.,9000.00,0,1800.00,0,900.00,31.18,11.25,0,0,CN,Y
APX-0002074,1,47-3319008,9030890085,"Instruments for measuring electrical quantities, other",2025-08-01,2025-08-05,1500,No.,33000.00,528.00,8250.00,0,0,114.31,41.25,0,0,CN,Y
APX-0002082,1,47-3319008,7604290048,"Aluminum bars, rods and profiles, other",2021-04-18,2021-04-19,1500,No.,52500.00,2625.00,3937.50,0,0,181.86,65.63,0,0,CN,Y
APX-0002043,1,47-3319008,9030890026,"Instruments for measuring electrical quantities, other",2023-08-11,2023-08-11,600,No.,288000.00,4608.00,72000.00,0,0,997.63,360.00,0,0,CN,Y
APX-0002137,1,47-3319008,8507600038,Lithium-ion accumulators (batteries),2023-06-07,2023-06-10,1500,No.,90000.00,3060.00,22500.00,0,0,311.76,112.50,0,0,CN,Y
APX-0002152,1,47-3319008,9403200069,Other metal furniture,2025-01-12,2025-01-17,1500,No.,1350000.00,0,337500.00,0,0,4676.40,1687.50,0,0,CN,Y
APX-0002071,1,47-3319008,8517690052,Other apparatus for transmission/reception of voice/data,2023-06-26,2023-06-29,1000,No.,480000.00,0,120000.00,0,0,1662.72,600.00,0,0,CN,Y
APX-0002136,1,47-3319008,8538900085,"Parts for switching/protecting electrical circuits, other",2025-12-03,2025-12-05,50,No.,11000.00,385.00,2750.00,0,0,38.10,13.75,0,0,CN,N
APX-0002191,1,47-3319008,8542310022,Electronic integrated circuits: processors and controllers,2025-02-06,2025-02-11,2500,No.,550000.00,0,137500.00,0,0,1905.20,687.50,0,0,CN,Y
APX-0002145,1,47-3319008,9030890014,"Instruments for measuring electrical quantities, other",2021-08-29,2021-09-03,2500,No.,37500.00,600.00,9375.00,0,0,129.90,46.88,0,0,CN,Y
APX-0002015,1,47-3319008,8471800032,Other units of automatic data processing machines,2024-09-10,2024-09-15,50,No.,750.00,0,187.50,0,0,2.60,0.94,0,0,CN,Y
APX-0002180,1,47-3319008,8471500114,"Processing units (servers), other",2021-06-29,2021-07-02,1000,No.,140000.00,0,28000.00,0,0,484.96,175.00,0,0,CN,Y
APX-0002052,1,47-3319008,8542310098,Electronic integrated circuits: processors and controllers,2024-06-19,2024-06-23,600,No.,54000.00,0,13500.00,0,0,187.06,67.50,0,0,CN,Y
APX-0002035,1,47-3319008,8528590007,"Monitors, other (not incorporating TV reception apparatus)",2021-04-03,2021-04-04,100,No.,2200.00,110.00,550.00,0,0,7.62,2.75,0,0,CN,Y
APX-0002157,1,47-3319008,8532250008,"Fixed capacitors, dielectric of paper or plastics",2022-01-30,2022-01-31,400,No.,360000.00,0,90000.00,0,0,1247.04,450.00,0,0,CN,Y
APX-0002042,1,47-3319008,8538900014,"Parts for switching/protecting electrical circuits, other",2021-09-28,2021-10-03,100,No.,48000.00,1680.00,12000.00,0,0,166.27,60.00,0,0,CN,Y
APX-0002109,1,47-3319008,8467990064,"Parts of tools for working in the hand, other",2021-04-27,2021-05-02,2500,No.,550000.00,0,137500.00,0,0,1905.20,687.50,0,0,CN,Y
APX-0002161,1,47-3319008,8537100057,"Boards/panels for electric control, <= 1,000 V",2024-03-13,2024-03-17,1000,No.,480000.00,12960.00,120000.00,120000.00,0,1662.72,600.00,0,0,CN,Y
APX-0002156,1,47-3319008,9026100076,Instruments for measuring flow/level of liquids,2025-04-13,2025-04-17,50,No.,400.00,6.40,100.00,0,0,1.39,0.50,0,0,CN,Y
APX-0002181,1,47-3319008,8471800085,Other units of automatic data processing machines,2022-02-08,2022-02-08,600,No.,4800.00,0,1200.00,0,0,16.63,6.00,0,0,CN,Y
APX-0002197,1,47-3319008,8529900013,"Parts for transmission/reception apparatus, other",2023-09-13,2023-09-18,1000,No.,15000.00,360.00,3750.00,0,1500.00,51.96,18.75,0,0,CN,Y
APX-0002176,1,47-3319008,7307990051,"Tube or pipe fittings of iron or steel, other",2025-01-09,2025-01-14,100,No.,2200.00,94.60,550.00,0,220.00,7.62,2.75,0,0,CN,Y
APX-0002150,1,47-3319008,9031800052,"Measuring/checking instruments, other",2021-02-14,2021-02-17,100,No.,2200.00,28.60,550.00,0,0,7.62,2.75,0,0,CN,Y
APX-0002205,1,47-3319008,8517620064,"Machines for reception/conversion of voice, images or data (networking)",2025-10-13,2025-10-14,50,No.,4500.00,0,1125.00,0,0,15.59,5.63,0,0,CN,N
APX-0002053,1,47-3319008,9030890003,"Instruments for measuring electrical quantities, other",2021-11-14,2021-11-14,100,No.,6000.00,96.00,1500.00,0,0,20.78,7.50,0,0,CN,Y
APX-0002060,1,47-3319008,8525890074,"Television cameras, digital cameras, other",2023-05-07,2023-05-10,1000,No.,220000.00,4840.00,55000.00,0,0,762.08,275.00,0,0,CN,Y
APX-0002030,1,47-3319008,8534000009,Printed circuits,2021-06-02,2021-06-02,2500,No.,1200000.00,0,300000.00,300000.00,0,4156.80,1500.00,0,0,CN,Y
APX-0002215,1,47-3319008,8529900078,"Parts for transmission/reception apparatus, other",2020-12-22,2020-12-26,50,No.,750.00,18.00,187.50,0,0,2.60,0.94,0,0,CN,Y
APX-0002022,1,47-3319008,8532250069,"Fixed capacitors, dielectric of paper or plastics",2023-02-09,2023-02-12,400,No.,24000.00,0,6000.00,0,0,83.14,30.00,0,0,CN,Y
APX-0002089,1,47-3319008,9032890023,"Automatic regulating/controlling instruments, other",2022-11-10,2022-11-14,2500,No.,87500.00,1487.50,21875.00,0,0,303.10,109.38,0,0,CN,Y
APX-0002067,1,47-3319008,9025118092,"Thermometers, not combined with other instruments",2023-05-16,2023-05-19,1500,No.,720000.00,0,180000.00,0,0,2494.08,900.00,0,0,CN,Y
APX-0002115,1,47-3319008,8536509058,"Switches for a voltage not exceeding 1,000 V, other",2022-04-14,2022-04-17,100,No.,9000.00,243.00,2250.00,0,0,31.18,11.25,0,0,CN,Y
APX-0002008,1,47-3319008,7616995126,"Articles of aluminum, other",2024-04-14,2024-04-15,600,No.,9000.00,225.00,675.00,0,0,31.18,11.25,0,0,CN,Y
APX-0002076,1,47-3319008,9013809059,"Liquid crystal devices, other optical appliances",2022-04-30,2022-05-02,250,No.,2000.00,90.00,150.00,0,0,6.93,2.50,0,0,CN,Y
APX-0002063,1,47-3319008,8537100078,"Boards/panels for electric control, <= 1,000 V",2023-03-12,2023-03-17,100,No.,22000.00,594.00,5500.00,0,0,76.21,27.50,0,0,CN,Y
APX-0002192,1,47-3319008,8505110082,"Permanent magnets, of metal",2021-09-19,2021-09-24,1000,No.,90000.00,1890.00,22500.00,0,0,311.76,112.50,0,0,CN,Y
APX-0002167,1,47-3319008,8517690043,Other apparatus for transmission/reception of voice/data,2023-03-15,2023-03-17,2500,No.,350000.00,0,87500.00,0,0,1212.40,437.50,0,0,CN,Y
APX-0002188,1,47-3319008,8504404039,Static converters: rectifiers and rectifying apparatus,2022-09-27,2022-10-02,1000,No.,35000.00,525.00,8750.00,0,3500.00,121.24,43.75,0,0,CN,Y
APX-0002026,1,47-3319008,9013809092,"Liquid crystal devices, other optical appliances",2025-04-08,2025-04-08,2500,No.,87500.00,3937.50,6562.50,0,0,303.10,109.38,0,0,CN,Y
APX-0002108,1,47-3319008,8538903095,Printed circuit assemblies for switchgear,2021-07-26,2021-07-29,600,No.,132000.00,0,33000.00,0,0,457.25,165.00,0,0,CN,Y
APX-0002055,1,47-3319008,8544429049,"Insulated electric conductors fitted with connectors, other",2021-02-12,2021-02-16,400,No.,24000.00,624.00,6000.00,0,2400.00,83.14,30.00,0,0,CN,Y
APX-0002219,1,47-3319008,8505110053,"Permanent magnets, of metal",2023-10-22,2023-10-26,250,No.,3750.00,78.75,937.50,0,375.00,12.99,4.69,0,0,CN,Y
APX-0002112,1,47-3319008,9031800056,"Measuring/checking instruments, other",2026-06-17,2026-06-17,600,No.,13200.00,171.60,3300.00,0,0,45.72,16.50,0,0,CN,N
APX-0002184,1,47-3319008,8483300085,Bearing housings; plain shaft bearings,2023-02-05,2023-02-05,1000,No.,15000.00,675.00,3750.00,0,1500.00,51.96,18.75,0,0,CN,Y
APX-0002194,1,47-3319008,8541490047,"Photosensitive semiconductor devices, other",2024-06-26,2024-06-30,600,No.,9000.00,0,2250.00,0,0,31.18,11.25,0,0,CN,Y
APX-0002010,1,47-3319008,8541490029,"Photosensitive semiconductor devices, other",2023-02-13,2023-02-17,50,No.,4500.00,0,1125.00,0,0,15.59,5.63,0,0,CN,Y
APX-0002193,1,47-3319008,8409910035,Parts for spark-ignition internal combustion engines,2023-09-19,2023-09-19,50,No.,4500.00,112.50,1125.00,1125.00,0,15.59,5.63,0,0,CN,Y
APX-0002218,1,47-3319008,8504409580,"Static converters (power supplies), other",2022-07-03,2022-07-04,400,No.,8800.00,132.00,2200.00,0,0,30.48,11.00,0,0,CN,Y
APX-0002138,1,47-3319008,8537100013,"Boards/panels for electric control, <= 1,000 V",2024-01-29,2024-02-03,400,No.,56000.00,1512.00,14000.00,0,0,193.98,70.00,0,0,CN,Y
APX-0002093,1,47-3319008,7616995154,"Articles of aluminum, other",2024-10-23,2024-10-24,1000,No.,90000.00,2250.00,6750.00,0,0,311.76,112.50,0,0,CN,Y
APX-0002210,1,47-3319008,9405400070,Other electric lamps and lighting fittings,2025-08-23,2025-08-24,100,No.,48000.00,1680.00,12000.00,0,0,166.27,60.00,0,0,CN,Y
APX-0002139,1,47-3319008,8481900002,"Parts of taps, cocks, valves and similar appliances",2020-11-30,2020-12-05,1500,No.,90000.00,900.00,22500.00,0,0,311.76,112.50,0,0,CN,Y
APX-0002198,1,47-3319008,8529900056,"Parts for transmission/reception apparatus, other",2022-12-17,2022-12-19,250,No.,22500.00,540.00,5625.00,0,0,77.94,28.13,0,0,CN,Y
APX-0002068,1,47-3319008,8529900033,"Parts for transmission/reception apparatus, other",2025-03-01,2025-03-02,400,No.,24000.00,576.00,6000.00,0,0,83.14,30.00,0,0,CN,Y
